news_no,publish_date
114,2015-04-22 16:10:33
92,2015-05-26 15:20:30
170,2016-01-30 00:00:00
168,2016-03-27 00:00:00
94,2016-06-20 17:14:23
135,2016-08-10 03:00:42
99,2016-09-18 14:58:28
95,2016-09-18 15:26:42
102,2016-09-19 01:00:00
91,2016-09-19 01:00:00
93,2016-09-19 01:02:36
155,2016-09-19 06:57:41
157,2016-09-19 14:32:34
158,2016-09-19 16:05:18
159,2016-09-19 20:09:06
98,2016-09-19 20:29:32
160,2016-09-19 20:58:36
122,2016-09-19 21:47:54
96,2016-09-20 00:05:13
97,2016-09-20 00:11:53
105,2016-09-20 00:11:53
106,2016-09-20 00:39:44
104,2016-09-20 01:00:00
162,2016-09-20 01:49:22
161,2016-09-20 17:40:02
128,2016-09-20 18:11:09
127,2016-09-20 19:35:50
163,2016-09-20 20:41:33
126,2016-09-20 23:02:42
109,2016-09-21 00:03:43
167,2016-09-21 01:00:00
100,2016-09-21 01:08:41
110,2016-09-21 01:10:38
101,2016-09-21 01:10:38
107,2016-09-21 08:50:40
111,2016-09-21 12:00:43
164,2016-09-21 15:10:05
165,2016-09-21 18:19:31
132,2016-09-21 18:39:52
130,2016-09-21 21:14:00
133,2016-09-21 21:26:31
134,2016-09-22 01:00:00
148,2016-09-22 01:00:00
131,2016-09-22 01:15:17
136,2016-09-22 18:43:13
137,2016-09-22 19:04:09
139,2016-09-22 20:37:34
172,2016-09-22 21:14:38
138,2016-09-22 21:59:09
169,2016-09-22 22:33:25
150,2016-09-23 01:00:00
151,2016-09-23 01:00:00
145,2016-09-23 01:00:00
149,2016-09-23 01:00:00
140,2016-09-23 08:42:51
171,2016-09-23 18:18:40
141,2016-09-23 21:51:50
115,2016-09-25 01:00:00
166,2016-09-26 01:00:00
116,2016-09-26 07:30:38
173,2016-09-26 07:39:58
117,2016-09-26 08:15:32
118,2016-09-26 08:20:11
174,2016-09-26 14:29:37
175,2016-09-26 16:25:39
176,2016-09-26 16:45:04
177,2016-09-26 17:35:54
178,2016-09-26 18:47:05
144,2016-09-26 20:38:38
153,2016-09-27 01:00:00
179,2016-09-27 01:00:00
147,2016-09-27 18:01:47
180,2016-09-27 19:13:31
146,2016-09-27 21:57:10
181,2016-09-27 22:00:40
154,2016-09-28 01:00:00
125,2017-08-24 10:21:00
103,
108,
112,
113,
119,
120,
121,
123,
124,
129,
142,
143,
152,
156,
