news_no,user_no,user_spread_news_no_times,user_number_of_followers,fake_news,news_total_spread_no,user_total_fake_news_spread,user_total_news_spread,user_total_real_news_spread,user_total_probability_sharing_fake_news,user_total_probability_sharing_real_news
87,43,1,45,0,823,0,1,1,0.0,1.0
87,51,1,41,0,823,0,1,1,0.0,1.0
87,64,1,97,0,823,0,1,1,0.0,1.0
172,85,1,7,1,27,1,1,0,1.0,0.0
141,93,1,14,1,128,1,1,0,1.0,0.0
87,133,1,41,0,823,0,1,1,0.0,1.0
87,137,1,72,0,823,0,1,1,0.0,1.0
141,148,1,7,1,128,1,1,0,1.0,0.0
87,153,1,9,0,823,0,1,1,0.0,1.0
87,161,1,42,0,823,0,1,1,0.0,1.0
87,164,1,20,0,823,0,1,1,0.0,1.0
87,177,1,36,0,823,0,1,1,0.0,1.0
87,188,1,2,0,823,0,1,1,0.0,1.0
87,249,1,1,0,823,0,1,1,0.0,1.0
141,251,1,15,1,128,1,1,0,1.0,0.0
87,274,1,4,0,823,0,1,1,0.0,1.0
141,324,1,1,1,128,1,1,0,1.0,0.0
141,327,1,68,1,128,1,1,0,1.0,0.0
87,347,1,80,0,823,0,1,1,0.0,1.0
141,357,2,8,1,128,2,2,0,1.0,0.0
87,360,1,2,0,823,0,1,1,0.0,1.0
141,367,1,2,1,128,1,1,0,1.0,0.0
141,372,1,18,1,128,1,1,0,1.0,0.0
87,396,1,17,0,823,0,1,1,0.0,1.0
87,397,2,174,0,823,0,2,2,0.0,1.0
87,415,1,81,0,823,0,1,1,0.0,1.0
87,416,1,1,0,823,0,1,1,0.0,1.0
87,419,1,68,0,823,0,1,1,0.0,1.0
87,426,1,1,0,823,0,1,1,0.0,1.0
87,449,1,188,0,823,0,1,1,0.0,1.0
28,474,1,1,0,14,0,1,1,0.0,1.0
87,491,1,1,0,823,0,1,1,0.0,1.0
87,499,1,3,0,823,0,1,1,0.0,1.0
87,504,1,11,0,823,0,1,1,0.0,1.0
87,509,1,171,0,823,0,1,1,0.0,1.0
87,547,1,127,0,823,0,1,1,0.0,1.0
141,581,1,1,1,128,1,1,0,1.0,0.0
87,602,1,6,0,823,0,1,1,0.0,1.0
87,617,1,9,0,823,0,1,1,0.0,1.0
87,618,1,1,0,823,0,1,1,0.0,1.0
87,640,1,1,0,823,0,1,1,0.0,1.0
141,656,1,110,1,128,1,1,0,1.0,0.0
87,682,1,34,0,823,0,1,1,0.0,1.0
87,692,2,3,0,823,0,2,2,0.0,1.0
87,706,1,13,0,823,0,1,1,0.0,1.0
87,760,1,12,0,823,0,1,1,0.0,1.0
87,768,1,29,0,823,0,1,1,0.0,1.0
87,781,1,6,0,823,0,1,1,0.0,1.0
87,788,2,125,0,823,0,2,2,0.0,1.0
87,797,1,112,0,823,0,1,1,0.0,1.0
29,802,1,3,0,46,0,2,2,0.0,1.0
87,802,1,3,0,823,0,2,2,0.0,1.0
87,813,3,46,0,823,0,3,3,0.0,1.0
87,815,1,20,0,823,0,1,1,0.0,1.0
87,859,1,1,0,823,0,1,1,0.0,1.0
87,880,1,1,0,823,0,1,1,0.0,1.0
87,884,1,6,0,823,0,1,1,0.0,1.0
52,901,1,12,0,37,0,3,3,0.0,1.0
87,901,2,12,0,823,0,3,3,0.0,1.0
87,932,1,9,0,823,0,1,1,0.0,1.0
29,955,1,22,0,46,0,1,1,0.0,1.0
172,966,1,4,1,27,1,1,0,1.0,0.0
141,969,1,4,1,128,1,1,0,1.0,0.0
141,971,1,8,1,128,1,1,0,1.0,0.0
87,986,1,135,0,823,0,1,1,0.0,1.0
87,1052,1,25,0,823,0,1,1,0.0,1.0
141,1068,1,299,1,128,1,1,0,1.0,0.0
52,1085,1,89,0,37,0,1,1,0.0,1.0
87,1093,1,129,0,823,0,1,1,0.0,1.0
87,1177,1,15,0,823,0,1,1,0.0,1.0
87,1192,1,2,0,823,0,1,1,0.0,1.0
87,1197,1,0,0,823,0,1,1,0.0,1.0
29,1210,1,24,0,46,0,2,2,0.0,1.0
87,1210,1,24,0,823,0,2,2,0.0,1.0
87,1217,1,1,0,823,0,1,1,0.0,1.0
87,1245,1,12,0,823,0,1,1,0.0,1.0
87,1247,1,2,0,823,0,1,1,0.0,1.0
87,1267,1,1,0,823,0,1,1,0.0,1.0
87,1279,1,10,0,823,0,1,1,0.0,1.0
87,1327,1,18,0,823,0,1,1,0.0,1.0
87,1367,1,4,0,823,0,1,1,0.0,1.0
141,1370,1,89,1,128,1,1,0,1.0,0.0
87,1385,1,34,0,823,0,1,1,0.0,1.0
87,1386,1,40,0,823,0,1,1,0.0,1.0
29,1400,1,150,0,46,0,1,1,0.0,1.0
87,1425,1,60,0,823,0,1,1,0.0,1.0
87,1431,3,4,0,823,0,3,3,0.0,1.0
87,1449,1,112,0,823,0,1,1,0.0,1.0
87,1455,1,5,0,823,0,1,1,0.0,1.0
141,1461,1,2,1,128,1,1,0,1.0,0.0
87,1463,1,2,0,823,0,1,1,0.0,1.0
29,1478,1,59,0,46,0,1,1,0.0,1.0
87,1489,1,557,0,823,0,1,1,0.0,1.0
87,1491,1,1,0,823,0,1,1,0.0,1.0
141,1492,2,8,1,128,2,2,0,1.0,0.0
87,1504,1,17,0,823,0,1,1,0.0,1.0
87,1530,1,0,0,823,0,1,1,0.0,1.0
29,1532,1,47,0,46,0,1,1,0.0,1.0
172,1536,1,37,1,27,1,1,0,1.0,0.0
87,1566,1,603,0,823,0,1,1,0.0,1.0
87,1572,1,132,0,823,0,1,1,0.0,1.0
87,1582,1,20,0,823,0,1,1,0.0,1.0
52,1589,1,14,0,37,0,2,2,0.0,1.0
87,1589,1,14,0,823,0,2,2,0.0,1.0
87,1601,1,15,0,823,0,1,1,0.0,1.0
87,1610,1,115,0,823,0,1,1,0.0,1.0
141,1624,1,31,1,128,1,1,0,1.0,0.0
141,1629,1,1,1,128,1,1,0,1.0,0.0
52,1636,2,24,0,37,0,2,2,0.0,1.0
87,1655,1,10,0,823,0,1,1,0.0,1.0
87,1665,1,88,0,823,0,1,1,0.0,1.0
87,1685,1,11,0,823,0,1,1,0.0,1.0
87,1690,1,3,0,823,0,1,1,0.0,1.0
87,1720,1,1,0,823,0,1,1,0.0,1.0
141,1728,1,18,1,128,1,1,0,1.0,0.0
87,1736,1,26,0,823,0,1,1,0.0,1.0
87,1772,1,17,0,823,0,1,1,0.0,1.0
87,1780,1,3,0,823,0,1,1,0.0,1.0
87,1787,1,43,0,823,0,1,1,0.0,1.0
87,1794,1,139,0,823,0,1,1,0.0,1.0
87,1814,1,77,0,823,0,1,1,0.0,1.0
87,1817,1,0,0,823,0,1,1,0.0,1.0
87,1831,2,9,0,823,0,2,2,0.0,1.0
87,1867,1,25,0,823,0,1,1,0.0,1.0
87,1877,1,3,0,823,0,1,1,0.0,1.0
87,1940,1,81,0,823,0,1,1,0.0,1.0
87,1941,1,7,0,823,0,1,1,0.0,1.0
29,1943,1,0,0,46,0,1,1,0.0,1.0
87,1976,1,23,0,823,0,1,1,0.0,1.0
141,1983,1,11,1,128,1,1,0,1.0,0.0
141,1985,1,18,1,128,1,1,0,1.0,0.0
87,1995,1,124,0,823,0,1,1,0.0,1.0
87,2021,1,10,0,823,0,1,1,0.0,1.0
87,2024,1,138,0,823,0,1,1,0.0,1.0
87,2032,1,7,0,823,0,1,1,0.0,1.0
172,2033,1,3,1,27,1,1,0,1.0,0.0
87,2049,1,26,0,823,0,1,1,0.0,1.0
87,2075,1,72,0,823,0,1,1,0.0,1.0
87,2099,1,28,0,823,0,1,1,0.0,1.0
87,2110,1,77,0,823,0,1,1,0.0,1.0
87,2120,1,9,0,823,0,1,1,0.0,1.0
87,2152,2,21,0,823,0,2,2,0.0,1.0
87,2197,1,22,0,823,0,1,1,0.0,1.0
87,2203,1,11,0,823,0,1,1,0.0,1.0
141,2234,1,3,1,128,1,1,0,1.0,0.0
87,2240,1,3,0,823,0,1,1,0.0,1.0
87,2246,1,82,0,823,0,1,1,0.0,1.0
87,2264,1,36,0,823,0,1,1,0.0,1.0
52,2281,1,26,0,37,0,1,1,0.0,1.0
87,2314,1,3,0,823,0,1,1,0.0,1.0
87,2390,1,1,0,823,0,1,1,0.0,1.0
87,2412,1,0,0,823,0,1,1,0.0,1.0
87,2417,1,60,0,823,0,1,1,0.0,1.0
87,2427,1,144,0,823,0,1,1,0.0,1.0
87,2438,1,5,0,823,0,1,1,0.0,1.0
87,2464,1,5,0,823,0,1,1,0.0,1.0
87,2479,1,25,0,823,0,1,1,0.0,1.0
87,2536,1,1,0,823,0,1,1,0.0,1.0
87,2546,1,2,0,823,0,1,1,0.0,1.0
87,2573,1,105,0,823,0,1,1,0.0,1.0
87,2580,1,111,0,823,0,1,1,0.0,1.0
87,2584,1,11,0,823,0,1,1,0.0,1.0
29,2596,1,161,0,46,0,2,2,0.0,1.0
87,2596,1,161,0,823,0,2,2,0.0,1.0
87,2620,1,26,0,823,0,1,1,0.0,1.0
141,2654,1,9,1,128,1,1,0,1.0,0.0
29,2671,1,29,0,46,1,3,2,0.33,0.67
87,2671,1,29,0,823,1,3,2,0.33,0.67
141,2671,1,29,1,128,1,3,2,0.33,0.67
52,2689,1,48,0,37,0,1,1,0.0,1.0
141,2698,2,1,1,128,2,2,0,1.0,0.0
141,2705,1,32,1,128,1,1,0,1.0,0.0
87,2710,1,3,0,823,0,1,1,0.0,1.0
87,2722,1,6,0,823,0,1,1,0.0,1.0
87,2804,1,0,0,823,0,1,1,0.0,1.0
172,2806,1,1,1,27,1,1,0,1.0,0.0
87,2814,2,47,0,823,0,2,2,0.0,1.0
87,2823,1,38,0,823,0,1,1,0.0,1.0
29,2837,1,13,0,46,0,1,1,0.0,1.0
87,2851,1,21,0,823,0,1,1,0.0,1.0
52,2863,1,14,0,37,0,2,2,0.0,1.0
87,2863,1,14,0,823,0,2,2,0.0,1.0
87,2899,1,2,0,823,0,1,1,0.0,1.0
87,2927,1,15,0,823,0,1,1,0.0,1.0
87,2933,1,46,0,823,0,1,1,0.0,1.0
141,2948,1,1,1,128,1,1,0,1.0,0.0
87,2964,2,32,0,823,0,2,2,0.0,1.0
87,2965,1,78,0,823,0,1,1,0.0,1.0
87,3002,1,30,0,823,0,1,1,0.0,1.0
141,3031,1,112,1,128,1,1,0,1.0,0.0
141,3035,1,14,1,128,1,1,0,1.0,0.0
87,3056,1,45,0,823,0,1,1,0.0,1.0
87,3062,1,23,0,823,0,1,1,0.0,1.0
87,3073,1,14,0,823,0,1,1,0.0,1.0
87,3080,1,1,0,823,0,1,1,0.0,1.0
87,3087,1,3,0,823,0,1,1,0.0,1.0
141,3120,1,5,1,128,1,1,0,1.0,0.0
52,3130,1,49,0,37,0,1,1,0.0,1.0
87,3139,1,30,0,823,0,1,1,0.0,1.0
87,3143,1,3,0,823,0,1,1,0.0,1.0
87,3147,1,12,0,823,0,1,1,0.0,1.0
87,3163,2,0,0,823,0,2,2,0.0,1.0
87,3170,1,1,0,823,0,1,1,0.0,1.0
87,3177,1,191,0,823,0,1,1,0.0,1.0
87,3182,1,12,0,823,0,1,1,0.0,1.0
141,3213,1,165,1,128,1,1,0,1.0,0.0
52,3222,2,7,0,37,0,2,2,0.0,1.0
87,3246,1,0,0,823,0,1,1,0.0,1.0
87,3252,1,4,0,823,0,1,1,0.0,1.0
87,3254,1,1,0,823,0,1,1,0.0,1.0
52,3260,2,4,0,37,0,2,2,0.0,1.0
87,3271,1,23,0,823,0,1,1,0.0,1.0
87,3274,1,7,0,823,0,1,1,0.0,1.0
87,3285,2,3,0,823,0,2,2,0.0,1.0
141,3294,2,69,1,128,2,2,0,1.0,0.0
141,3308,1,1,1,128,1,1,0,1.0,0.0
87,3313,1,2,0,823,0,1,1,0.0,1.0
87,3346,1,33,0,823,0,1,1,0.0,1.0
87,3372,1,14,0,823,0,1,1,0.0,1.0
87,3375,1,105,0,823,0,1,1,0.0,1.0
29,3390,1,61,0,46,0,1,1,0.0,1.0
87,3405,2,162,0,823,0,2,2,0.0,1.0
141,3406,1,3,1,128,1,1,0,1.0,0.0
141,3418,1,7,1,128,1,1,0,1.0,0.0
87,3453,1,1,0,823,0,1,1,0.0,1.0
87,3475,1,36,0,823,0,1,1,0.0,1.0
87,3477,1,11,0,823,0,1,1,0.0,1.0
87,3570,1,11,0,823,0,1,1,0.0,1.0
87,3572,1,48,0,823,0,1,1,0.0,1.0
87,3591,1,52,0,823,0,1,1,0.0,1.0
52,3610,1,80,0,37,0,1,1,0.0,1.0
87,3617,1,3,0,823,0,1,1,0.0,1.0
29,3641,1,10,0,46,0,1,1,0.0,1.0
87,3655,2,109,0,823,0,2,2,0.0,1.0
87,3666,1,10,0,823,0,1,1,0.0,1.0
87,3686,1,50,0,823,0,1,1,0.0,1.0
87,3688,1,43,0,823,0,1,1,0.0,1.0
141,3732,1,18,1,128,1,1,0,1.0,0.0
141,3744,1,116,1,128,1,1,0,1.0,0.0
87,3757,1,56,0,823,0,1,1,0.0,1.0
87,3763,1,104,0,823,0,1,1,0.0,1.0
87,3779,1,10,0,823,0,1,1,0.0,1.0
52,3781,1,25,0,37,0,1,1,0.0,1.0
141,3815,1,104,1,128,1,1,0,1.0,0.0
87,3826,1,2,0,823,0,1,1,0.0,1.0
87,3832,1,160,0,823,0,1,1,0.0,1.0
141,3844,1,3,1,128,1,1,0,1.0,0.0
87,3848,1,89,0,823,0,1,1,0.0,1.0
52,3877,1,37,0,37,0,1,1,0.0,1.0
87,3888,1,3,0,823,0,1,1,0.0,1.0
87,3901,1,231,0,823,0,1,1,0.0,1.0
28,3926,1,1,0,14,0,1,1,0.0,1.0
87,3937,1,91,0,823,0,1,1,0.0,1.0
141,3959,1,31,1,128,1,1,0,1.0,0.0
87,3965,1,18,0,823,0,1,1,0.0,1.0
87,3967,1,8,0,823,0,1,1,0.0,1.0
87,3971,1,133,0,823,0,1,1,0.0,1.0
87,3975,1,0,0,823,0,1,1,0.0,1.0
87,3980,1,4,0,823,0,1,1,0.0,1.0
52,4001,1,18,0,37,0,2,2,0.0,1.0
87,4001,1,18,0,823,0,2,2,0.0,1.0
87,4018,1,2,0,823,0,1,1,0.0,1.0
87,4021,1,38,0,823,0,1,1,0.0,1.0
87,4042,1,5,0,823,0,1,1,0.0,1.0
87,4047,1,149,0,823,0,1,1,0.0,1.0
141,4053,1,7,1,128,1,1,0,1.0,0.0
87,4056,1,71,0,823,0,1,1,0.0,1.0
87,4058,1,2,0,823,0,1,1,0.0,1.0
29,4061,1,27,0,46,0,1,1,0.0,1.0
87,4064,1,48,0,823,0,1,1,0.0,1.0
141,4092,1,79,1,128,1,1,0,1.0,0.0
87,4121,1,4,0,823,0,1,1,0.0,1.0
87,4141,1,1,0,823,0,1,1,0.0,1.0
87,4142,1,115,0,823,0,1,1,0.0,1.0
141,4143,1,37,1,128,1,1,0,1.0,0.0
141,4144,1,25,1,128,1,1,0,1.0,0.0
87,4166,1,3,0,823,0,1,1,0.0,1.0
87,4173,2,154,0,823,0,2,2,0.0,1.0
87,4177,1,57,0,823,0,1,1,0.0,1.0
87,4188,1,29,0,823,0,1,1,0.0,1.0
28,4205,1,9,0,14,0,1,1,0.0,1.0
87,4207,1,18,0,823,0,1,1,0.0,1.0
87,4260,1,27,0,823,0,1,1,0.0,1.0
87,4275,1,3,0,823,0,1,1,0.0,1.0
141,4302,1,4,1,128,1,1,0,1.0,0.0
87,4309,1,5,0,823,0,1,1,0.0,1.0
87,4312,1,6,0,823,0,1,1,0.0,1.0
87,4329,1,11,0,823,0,1,1,0.0,1.0
87,4343,1,5,0,823,0,1,1,0.0,1.0
87,4347,1,3,0,823,0,1,1,0.0,1.0
52,4350,1,15,0,37,0,1,1,0.0,1.0
87,4370,1,12,0,823,0,1,1,0.0,1.0
87,4394,1,163,0,823,0,1,1,0.0,1.0
87,4398,1,1,0,823,0,1,1,0.0,1.0
87,4412,1,15,0,823,0,1,1,0.0,1.0
87,4442,1,5,0,823,0,1,1,0.0,1.0
29,4463,1,1,0,46,0,2,2,0.0,1.0
87,4463,1,1,0,823,0,2,2,0.0,1.0
87,4478,1,77,0,823,0,1,1,0.0,1.0
87,4487,1,44,0,823,0,1,1,0.0,1.0
87,4524,1,25,0,823,0,1,1,0.0,1.0
87,4532,1,29,0,823,0,1,1,0.0,1.0
87,4535,1,31,0,823,0,1,1,0.0,1.0
52,4537,1,58,0,37,0,1,1,0.0,1.0
87,4576,1,14,0,823,0,1,1,0.0,1.0
87,4596,1,372,0,823,0,1,1,0.0,1.0
87,4603,1,0,0,823,0,1,1,0.0,1.0
87,4606,1,13,0,823,0,1,1,0.0,1.0
87,4626,1,137,0,823,0,1,1,0.0,1.0
87,4631,1,23,0,823,0,1,1,0.0,1.0
87,4640,1,8,0,823,0,1,1,0.0,1.0
87,4648,1,133,0,823,0,1,1,0.0,1.0
87,4657,1,25,0,823,0,1,1,0.0,1.0
87,4704,1,2,0,823,0,1,1,0.0,1.0
141,4705,1,10,1,128,1,1,0,1.0,0.0
87,4735,1,0,0,823,0,1,1,0.0,1.0
141,4746,1,9,1,128,1,1,0,1.0,0.0
87,4754,1,8,0,823,0,1,1,0.0,1.0
87,4771,1,2,0,823,0,1,1,0.0,1.0
87,4775,1,29,0,823,0,1,1,0.0,1.0
52,4779,1,5,0,37,0,1,1,0.0,1.0
87,4800,1,11,0,823,0,1,1,0.0,1.0
87,4806,1,7,0,823,0,1,1,0.0,1.0
87,4815,1,23,0,823,0,1,1,0.0,1.0
87,4818,1,15,0,823,0,1,1,0.0,1.0
87,4863,1,4,0,823,0,1,1,0.0,1.0
87,4880,1,32,0,823,0,1,1,0.0,1.0
141,4886,1,668,1,128,1,1,0,1.0,0.0
29,4891,1,9,0,46,0,2,2,0.0,1.0
87,4891,1,9,0,823,0,2,2,0.0,1.0
87,4899,1,81,0,823,0,1,1,0.0,1.0
87,4916,1,2,0,823,0,1,1,0.0,1.0
87,4919,1,31,0,823,0,1,1,0.0,1.0
87,4925,1,22,0,823,0,1,1,0.0,1.0
87,4950,1,36,0,823,0,1,1,0.0,1.0
87,4957,2,5,0,823,0,2,2,0.0,1.0
87,4993,1,27,0,823,0,1,1,0.0,1.0
87,5008,1,56,0,823,0,1,1,0.0,1.0
87,5028,1,135,0,823,0,1,1,0.0,1.0
87,5046,1,10,0,823,0,1,1,0.0,1.0
87,5059,1,120,0,823,0,1,1,0.0,1.0
87,5063,1,1,0,823,0,1,1,0.0,1.0
87,5076,1,84,0,823,0,1,1,0.0,1.0
87,5087,1,1,0,823,0,1,1,0.0,1.0
87,5102,1,19,0,823,0,1,1,0.0,1.0
87,5120,1,4,0,823,0,1,1,0.0,1.0
141,5123,1,78,1,128,1,1,0,1.0,0.0
87,5124,1,7,0,823,0,1,1,0.0,1.0
87,5163,1,87,0,823,0,1,1,0.0,1.0
141,5170,1,6,1,128,1,1,0,1.0,0.0
87,5183,1,69,0,823,0,1,1,0.0,1.0
141,5194,1,43,1,128,1,1,0,1.0,0.0
87,5212,1,1,0,823,0,1,1,0.0,1.0
141,5214,1,55,1,128,1,1,0,1.0,0.0
87,5217,1,4,0,823,0,1,1,0.0,1.0
52,5227,1,10,0,37,0,1,1,0.0,1.0
87,5249,1,6,0,823,0,1,1,0.0,1.0
87,5252,1,14,0,823,0,1,1,0.0,1.0
87,5323,1,55,0,823,0,1,1,0.0,1.0
87,5324,1,11,0,823,0,1,1,0.0,1.0
87,5351,1,4,0,823,0,1,1,0.0,1.0
141,5365,1,157,1,128,1,1,0,1.0,0.0
87,5379,1,42,0,823,0,1,1,0.0,1.0
29,5392,1,59,0,46,0,2,2,0.0,1.0
87,5392,1,59,0,823,0,2,2,0.0,1.0
87,5404,1,7,0,823,0,1,1,0.0,1.0
87,5441,1,95,0,823,0,1,1,0.0,1.0
87,5450,3,24,0,823,0,3,3,0.0,1.0
87,5451,1,4,0,823,0,1,1,0.0,1.0
87,5471,1,8,0,823,0,1,1,0.0,1.0
141,5494,1,6,1,128,1,1,0,1.0,0.0
87,5499,1,9,0,823,0,1,1,0.0,1.0
87,5514,1,44,0,823,0,1,1,0.0,1.0
87,5517,1,5,0,823,0,1,1,0.0,1.0
87,5520,1,5,0,823,0,1,1,0.0,1.0
87,5526,1,2,0,823,0,1,1,0.0,1.0
87,5553,1,32,0,823,0,1,1,0.0,1.0
141,5564,1,2,1,128,1,1,0,1.0,0.0
28,5579,1,11,0,14,0,1,1,0.0,1.0
87,5581,2,68,0,823,0,2,2,0.0,1.0
87,5585,1,0,0,823,0,1,1,0.0,1.0
87,5614,1,17,0,823,0,1,1,0.0,1.0
172,5619,1,27,1,27,1,1,0,1.0,0.0
87,5636,1,1,0,823,0,1,1,0.0,1.0
87,5638,1,57,0,823,0,1,1,0.0,1.0
87,5649,1,5,0,823,0,1,1,0.0,1.0
87,5654,1,142,0,823,0,1,1,0.0,1.0
87,5664,1,3,0,823,0,1,1,0.0,1.0
87,5678,1,7,0,823,0,1,1,0.0,1.0
87,5697,1,22,0,823,0,1,1,0.0,1.0
87,5715,1,3,0,823,0,1,1,0.0,1.0
87,5724,1,7,0,823,0,1,1,0.0,1.0
87,5734,1,50,0,823,0,1,1,0.0,1.0
87,5762,1,10,0,823,0,1,1,0.0,1.0
141,5784,1,24,1,128,1,1,0,1.0,0.0
87,5858,2,191,0,823,0,2,2,0.0,1.0
52,5908,1,4,0,37,0,2,2,0.0,1.0
87,5908,1,4,0,823,0,2,2,0.0,1.0
87,5940,1,9,0,823,0,1,1,0.0,1.0
87,5966,1,11,0,823,0,1,1,0.0,1.0
87,5969,1,11,0,823,0,1,1,0.0,1.0
87,5978,1,18,0,823,0,1,1,0.0,1.0
87,5980,1,47,0,823,0,1,1,0.0,1.0
29,5984,1,4,0,46,0,1,1,0.0,1.0
52,5985,1,20,0,37,0,1,1,0.0,1.0
87,6007,1,109,0,823,0,1,1,0.0,1.0
141,6018,1,10,1,128,1,1,0,1.0,0.0
29,6054,1,3,0,46,0,3,3,0.0,1.0
87,6054,2,3,0,823,0,3,3,0.0,1.0
87,6104,1,1,0,823,0,1,1,0.0,1.0
87,6113,1,29,0,823,0,1,1,0.0,1.0
87,6116,1,122,0,823,0,1,1,0.0,1.0
87,6132,1,0,0,823,0,1,1,0.0,1.0
141,6174,1,53,1,128,1,1,0,1.0,0.0
87,6176,1,0,0,823,0,1,1,0.0,1.0
87,6183,1,2,0,823,0,1,1,0.0,1.0
87,6195,1,6,0,823,0,1,1,0.0,1.0
87,6197,1,36,0,823,0,1,1,0.0,1.0
87,6232,1,7,0,823,0,1,1,0.0,1.0
141,6241,1,80,1,128,1,1,0,1.0,0.0
87,6243,1,5,0,823,0,1,1,0.0,1.0
87,6250,1,99,0,823,0,1,1,0.0,1.0
87,6251,1,90,0,823,0,1,1,0.0,1.0
29,6254,1,0,0,46,0,1,1,0.0,1.0
87,6270,1,13,0,823,0,1,1,0.0,1.0
87,6294,1,19,0,823,0,1,1,0.0,1.0
87,6354,1,86,0,823,0,1,1,0.0,1.0
87,6369,1,1,0,823,0,1,1,0.0,1.0
172,6377,1,1,1,27,1,1,0,1.0,0.0
87,6392,1,8,0,823,0,1,1,0.0,1.0
87,6407,1,111,0,823,0,1,1,0.0,1.0
87,6411,1,5,0,823,0,1,1,0.0,1.0
87,6443,1,8,0,823,0,1,1,0.0,1.0
87,6446,1,3,0,823,0,1,1,0.0,1.0
87,6465,1,379,0,823,0,1,1,0.0,1.0
87,6510,1,10,0,823,0,1,1,0.0,1.0
87,6516,1,43,0,823,0,1,1,0.0,1.0
87,6529,1,509,0,823,0,1,1,0.0,1.0
141,6537,1,4,1,128,1,1,0,1.0,0.0
87,6560,1,43,0,823,0,1,1,0.0,1.0
87,6567,1,1,0,823,0,1,1,0.0,1.0
87,6569,1,23,0,823,0,1,1,0.0,1.0
87,6581,1,22,0,823,0,1,1,0.0,1.0
87,6602,3,162,0,823,0,3,3,0.0,1.0
29,6611,1,125,0,46,0,2,2,0.0,1.0
87,6611,1,125,0,823,0,2,2,0.0,1.0
87,6613,1,7,0,823,0,1,1,0.0,1.0
141,6625,2,4,1,128,2,2,0,1.0,0.0
141,6629,1,7,1,128,1,1,0,1.0,0.0
87,6633,1,11,0,823,0,1,1,0.0,1.0
87,6665,1,2,0,823,0,1,1,0.0,1.0
87,6669,1,1,0,823,0,1,1,0.0,1.0
87,6714,1,36,0,823,0,1,1,0.0,1.0
87,6717,1,14,0,823,0,1,1,0.0,1.0
87,6722,1,6,0,823,0,1,1,0.0,1.0
87,6746,1,109,0,823,0,1,1,0.0,1.0
87,6750,1,2,0,823,0,1,1,0.0,1.0
29,6792,2,18,0,46,0,2,2,0.0,1.0
87,6818,1,101,0,823,0,1,1,0.0,1.0
87,6903,1,2,0,823,0,1,1,0.0,1.0
141,6931,1,5,1,128,1,1,0,1.0,0.0
87,6942,1,7,0,823,0,1,1,0.0,1.0
87,6955,1,143,0,823,0,1,1,0.0,1.0
87,6969,1,165,0,823,0,1,1,0.0,1.0
87,6974,1,57,0,823,0,1,1,0.0,1.0
87,6980,1,28,0,823,0,1,1,0.0,1.0
87,6984,1,143,0,823,0,1,1,0.0,1.0
87,6999,1,5,0,823,0,1,1,0.0,1.0
52,7034,1,26,0,37,0,1,1,0.0,1.0
87,7037,1,77,0,823,0,1,1,0.0,1.0
87,7077,2,75,0,823,0,2,2,0.0,1.0
172,7152,1,22,1,27,1,1,0,1.0,0.0
52,7162,1,16,0,37,0,1,1,0.0,1.0
141,7186,1,10,1,128,1,1,0,1.0,0.0
87,7191,1,151,0,823,0,1,1,0.0,1.0
87,7222,1,40,0,823,0,1,1,0.0,1.0
141,7238,1,10,1,128,1,1,0,1.0,0.0
29,7258,1,62,0,46,0,1,1,0.0,1.0
87,7272,1,33,0,823,0,1,1,0.0,1.0
87,7279,1,200,0,823,0,1,1,0.0,1.0
87,7288,1,2,0,823,0,1,1,0.0,1.0
52,7410,1,44,0,37,0,1,1,0.0,1.0
87,7434,1,105,0,823,0,1,1,0.0,1.0
87,7435,1,2,0,823,0,1,1,0.0,1.0
87,7438,1,7,0,823,0,1,1,0.0,1.0
87,7440,1,97,0,823,0,1,1,0.0,1.0
87,7507,1,72,0,823,0,1,1,0.0,1.0
87,7520,1,4,0,823,0,1,1,0.0,1.0
141,7544,1,34,1,128,1,1,0,1.0,0.0
141,7552,1,7,1,128,1,1,0,1.0,0.0
87,7554,1,18,0,823,0,1,1,0.0,1.0
87,7566,1,73,0,823,0,1,1,0.0,1.0
87,7589,2,5,0,823,0,2,2,0.0,1.0
87,7604,1,1,0,823,0,1,1,0.0,1.0
172,7618,1,8,1,27,1,1,0,1.0,0.0
87,7685,1,1,0,823,0,1,1,0.0,1.0
87,7709,1,60,0,823,0,1,1,0.0,1.0
87,7719,1,28,0,823,0,1,1,0.0,1.0
87,7722,1,46,0,823,0,1,1,0.0,1.0
87,7735,1,5,0,823,0,1,1,0.0,1.0
87,7751,1,7,0,823,0,1,1,0.0,1.0
87,7772,2,17,0,823,0,2,2,0.0,1.0
87,7773,1,17,0,823,0,1,1,0.0,1.0
87,7790,1,29,0,823,0,1,1,0.0,1.0
87,7801,1,0,0,823,0,1,1,0.0,1.0
87,7815,1,4,0,823,0,1,1,0.0,1.0
87,7832,1,16,0,823,0,1,1,0.0,1.0
87,7867,1,5,0,823,0,1,1,0.0,1.0
87,7874,1,146,0,823,0,1,1,0.0,1.0
87,7895,1,57,0,823,0,1,1,0.0,1.0
87,7914,1,2,0,823,0,1,1,0.0,1.0
141,7945,1,209,1,128,1,1,0,1.0,0.0
87,7949,1,1,0,823,0,1,1,0.0,1.0
87,7950,1,64,0,823,0,1,1,0.0,1.0
87,7958,2,264,0,823,0,2,2,0.0,1.0
87,7961,1,22,0,823,0,1,1,0.0,1.0
87,7963,1,194,0,823,0,1,1,0.0,1.0
87,7971,1,2,0,823,0,1,1,0.0,1.0
87,7977,1,25,0,823,0,1,1,0.0,1.0
141,7982,1,21,1,128,1,1,0,1.0,0.0
87,8001,1,18,0,823,0,1,1,0.0,1.0
141,8015,1,10,1,128,1,1,0,1.0,0.0
87,8023,1,1,0,823,0,1,1,0.0,1.0
87,8044,1,2,0,823,0,1,1,0.0,1.0
87,8053,1,150,0,823,0,1,1,0.0,1.0
87,8093,1,61,0,823,0,1,1,0.0,1.0
87,8119,1,131,0,823,0,1,1,0.0,1.0
29,8129,1,1,0,46,0,1,1,0.0,1.0
87,8131,1,1,0,823,0,1,1,0.0,1.0
87,8141,1,64,0,823,0,1,1,0.0,1.0
87,8158,1,9,0,823,0,1,1,0.0,1.0
87,8160,1,4,0,823,0,1,1,0.0,1.0
87,8182,1,70,0,823,0,1,1,0.0,1.0
87,8198,1,21,0,823,0,1,1,0.0,1.0
87,8201,1,141,0,823,0,1,1,0.0,1.0
172,8226,1,2,1,27,1,1,0,1.0,0.0
87,8232,1,50,0,823,0,1,1,0.0,1.0
87,8233,1,1,0,823,0,1,1,0.0,1.0
87,8239,1,7,0,823,0,1,1,0.0,1.0
172,8243,1,5,1,27,1,1,0,1.0,0.0
29,8286,1,36,0,46,0,1,1,0.0,1.0
87,8305,1,5,0,823,0,1,1,0.0,1.0
141,8325,1,25,1,128,1,1,0,1.0,0.0
87,8326,1,1,0,823,0,1,1,0.0,1.0
87,8351,1,11,0,823,0,1,1,0.0,1.0
87,8378,1,27,0,823,0,1,1,0.0,1.0
87,8390,1,8,0,823,0,1,1,0.0,1.0
87,8411,1,25,0,823,0,1,1,0.0,1.0
87,8443,1,18,0,823,0,1,1,0.0,1.0
87,8447,1,8,0,823,0,1,1,0.0,1.0
87,8524,1,1,0,823,0,1,1,0.0,1.0
141,8526,1,5,1,128,1,1,0,1.0,0.0
87,8564,1,87,0,823,0,1,1,0.0,1.0
172,8568,1,10,1,27,1,1,0,1.0,0.0
87,8603,1,13,0,823,0,1,1,0.0,1.0
87,8615,1,3,0,823,0,1,1,0.0,1.0
87,8634,1,0,0,823,0,1,1,0.0,1.0
87,8680,1,21,0,823,0,1,1,0.0,1.0
141,8681,1,4,1,128,1,1,0,1.0,0.0
87,8704,1,114,0,823,0,1,1,0.0,1.0
87,8747,2,2,0,823,0,2,2,0.0,1.0
87,8763,1,120,0,823,0,1,1,0.0,1.0
87,8794,2,13,0,823,0,2,2,0.0,1.0
29,8801,1,16,0,46,0,1,1,0.0,1.0
87,8834,1,74,0,823,0,1,1,0.0,1.0
87,8842,1,3,0,823,0,1,1,0.0,1.0
87,8928,1,43,0,823,0,1,1,0.0,1.0
87,8932,1,2,0,823,0,1,1,0.0,1.0
141,8940,1,11,1,128,1,1,0,1.0,0.0
87,8962,1,19,0,823,0,1,1,0.0,1.0
87,8972,1,109,0,823,0,1,1,0.0,1.0
87,8974,1,2,0,823,0,1,1,0.0,1.0
87,8978,1,2,0,823,0,1,1,0.0,1.0
87,9021,1,16,0,823,0,1,1,0.0,1.0
87,9031,1,12,0,823,0,1,1,0.0,1.0
87,9044,1,46,0,823,0,1,1,0.0,1.0
87,9045,1,15,0,823,0,1,1,0.0,1.0
87,9070,1,111,0,823,0,1,1,0.0,1.0
87,9078,1,26,0,823,0,1,1,0.0,1.0
141,9086,1,1,1,128,1,1,0,1.0,0.0
29,9103,1,21,0,46,0,1,1,0.0,1.0
87,9105,1,28,0,823,0,1,1,0.0,1.0
87,9120,1,18,0,823,0,1,1,0.0,1.0
29,9140,1,6,0,46,0,3,3,0.0,1.0
87,9140,2,6,0,823,0,3,3,0.0,1.0
87,9142,1,9,0,823,0,1,1,0.0,1.0
172,9147,1,64,1,27,1,1,0,1.0,0.0
87,9148,1,6,0,823,0,1,1,0.0,1.0
87,9155,1,39,0,823,0,1,1,0.0,1.0
87,9197,1,13,0,823,0,1,1,0.0,1.0
87,9203,1,1,0,823,0,1,1,0.0,1.0
141,9223,1,14,1,128,2,2,0,1.0,0.0
172,9223,1,14,1,27,2,2,0,1.0,0.0
87,9224,1,21,0,823,0,1,1,0.0,1.0
87,9225,1,186,0,823,0,1,1,0.0,1.0
87,9226,1,8,0,823,0,1,1,0.0,1.0
29,9238,1,36,0,46,0,2,2,0.0,1.0
87,9238,1,36,0,823,0,2,2,0.0,1.0
87,9248,1,102,0,823,0,1,1,0.0,1.0
29,9256,1,4,0,46,0,1,1,0.0,1.0
87,9265,1,200,0,823,0,1,1,0.0,1.0
87,9293,1,13,0,823,0,1,1,0.0,1.0
87,9298,1,90,0,823,0,1,1,0.0,1.0
87,9321,1,16,0,823,0,1,1,0.0,1.0
87,9323,1,1,0,823,0,1,1,0.0,1.0
87,9328,1,5,0,823,0,1,1,0.0,1.0
87,9342,1,4,0,823,0,1,1,0.0,1.0
141,9365,1,17,1,128,1,1,0,1.0,0.0
87,9366,4,173,0,823,0,4,4,0.0,1.0
87,9375,1,21,0,823,0,1,1,0.0,1.0
87,9409,1,27,0,823,0,1,1,0.0,1.0
87,9419,1,8,0,823,0,1,1,0.0,1.0
141,9435,1,14,1,128,1,1,0,1.0,0.0
87,9443,1,52,0,823,0,1,1,0.0,1.0
87,9464,1,1,0,823,0,1,1,0.0,1.0
87,9466,1,12,0,823,0,1,1,0.0,1.0
87,9468,1,5,0,823,0,1,1,0.0,1.0
29,9476,1,150,0,46,0,3,3,0.0,1.0
52,9476,1,150,0,37,0,3,3,0.0,1.0
87,9476,1,150,0,823,0,3,3,0.0,1.0
87,9479,1,17,0,823,0,1,1,0.0,1.0
172,9483,1,31,1,27,1,1,0,1.0,0.0
87,9492,1,4,0,823,0,1,1,0.0,1.0
87,9494,1,7,0,823,0,1,1,0.0,1.0
87,9498,2,2,0,823,0,2,2,0.0,1.0
87,9502,1,7,0,823,0,1,1,0.0,1.0
141,9510,1,2,1,128,1,1,0,1.0,0.0
87,9512,1,8,0,823,0,1,1,0.0,1.0
87,9520,1,96,0,823,0,1,1,0.0,1.0
87,9530,1,61,0,823,0,1,1,0.0,1.0
87,9543,1,29,0,823,0,1,1,0.0,1.0
141,9562,1,3,1,128,1,1,0,1.0,0.0
87,9580,1,138,0,823,0,1,1,0.0,1.0
87,9642,1,117,0,823,0,1,1,0.0,1.0
87,9648,1,87,0,823,0,1,1,0.0,1.0
87,9658,1,2,0,823,0,1,1,0.0,1.0
87,9692,1,2,0,823,0,1,1,0.0,1.0
141,9701,1,5,1,128,1,1,0,1.0,0.0
87,9706,1,15,0,823,0,1,1,0.0,1.0
141,9713,1,199,1,128,1,1,0,1.0,0.0
87,9716,1,21,0,823,0,1,1,0.0,1.0
141,9717,1,4,1,128,1,1,0,1.0,0.0
87,9721,1,44,0,823,0,1,1,0.0,1.0
141,9726,1,16,1,128,1,1,0,1.0,0.0
52,9753,1,42,0,37,0,1,1,0.0,1.0
141,9789,3,51,1,128,3,3,0,1.0,0.0
87,9798,1,2,0,823,0,1,1,0.0,1.0
87,9801,1,1,0,823,0,1,1,0.0,1.0
87,9856,1,33,0,823,0,1,1,0.0,1.0
87,9890,1,151,0,823,0,1,1,0.0,1.0
141,9891,1,38,1,128,1,1,0,1.0,0.0
87,9906,1,38,0,823,0,1,1,0.0,1.0
87,9924,1,2,0,823,0,1,1,0.0,1.0
87,9928,1,26,0,823,0,1,1,0.0,1.0
87,9930,1,49,0,823,0,1,1,0.0,1.0
87,9940,1,43,0,823,0,1,1,0.0,1.0
87,9963,2,19,0,823,0,2,2,0.0,1.0
87,9968,1,74,0,823,0,1,1,0.0,1.0
87,9981,1,2,0,823,0,1,1,0.0,1.0
141,10005,1,116,1,128,1,1,0,1.0,0.0
28,10043,1,87,0,14,0,1,1,0.0,1.0
87,10049,1,53,0,823,0,1,1,0.0,1.0
87,10050,1,4,0,823,0,1,1,0.0,1.0
87,10078,1,2,0,823,0,1,1,0.0,1.0
87,10093,1,10,0,823,0,1,1,0.0,1.0
87,10109,1,3,0,823,0,1,1,0.0,1.0
87,10122,1,32,0,823,0,1,1,0.0,1.0
87,10139,1,5,0,823,0,1,1,0.0,1.0
87,10140,1,38,0,823,0,1,1,0.0,1.0
172,10150,1,18,1,27,1,1,0,1.0,0.0
87,10169,1,59,0,823,0,1,1,0.0,1.0
87,10203,1,2,0,823,0,1,1,0.0,1.0
87,10230,1,5,0,823,0,1,1,0.0,1.0
87,10276,1,107,0,823,0,1,1,0.0,1.0
172,10291,2,4,1,27,2,2,0,1.0,0.0
87,10320,1,0,0,823,0,1,1,0.0,1.0
52,10335,1,12,0,37,0,1,1,0.0,1.0
87,10362,1,155,0,823,0,1,1,0.0,1.0
87,10404,1,3,0,823,0,1,1,0.0,1.0
87,10411,1,17,0,823,0,1,1,0.0,1.0
87,10433,1,14,0,823,0,1,1,0.0,1.0
87,10488,1,30,0,823,0,1,1,0.0,1.0
87,10489,1,66,0,823,0,1,1,0.0,1.0
87,10494,1,44,0,823,0,1,1,0.0,1.0
87,10520,1,9,0,823,0,1,1,0.0,1.0
141,10534,1,10,1,128,1,1,0,1.0,0.0
87,10583,1,110,0,823,0,1,1,0.0,1.0
87,10585,1,5,0,823,0,1,1,0.0,1.0
29,10592,1,7,0,46,0,2,2,0.0,1.0
87,10592,1,7,0,823,0,2,2,0.0,1.0
87,10597,1,23,0,823,0,1,1,0.0,1.0
141,10599,2,9,1,128,2,2,0,1.0,0.0
87,10606,1,1,0,823,0,1,1,0.0,1.0
172,10607,1,24,1,27,1,1,0,1.0,0.0
87,10630,1,40,0,823,0,1,1,0.0,1.0
172,10637,1,563,1,27,1,1,0,1.0,0.0
172,10638,1,37,1,27,1,1,0,1.0,0.0
87,10640,1,78,0,823,0,1,1,0.0,1.0
29,10676,1,6,0,46,0,1,1,0.0,1.0
87,10688,1,91,0,823,0,1,1,0.0,1.0
87,10698,1,23,0,823,0,1,1,0.0,1.0
87,10700,1,25,0,823,0,1,1,0.0,1.0
87,10715,1,1,0,823,0,1,1,0.0,1.0
87,10716,1,4,0,823,0,1,1,0.0,1.0
87,10787,1,22,0,823,0,1,1,0.0,1.0
87,10796,1,5,0,823,0,1,1,0.0,1.0
87,10810,1,15,0,823,0,1,1,0.0,1.0
87,10813,1,102,0,823,0,1,1,0.0,1.0
87,10857,1,5,0,823,0,1,1,0.0,1.0
87,10869,2,88,0,823,0,2,2,0.0,1.0
87,10872,1,6,0,823,0,1,1,0.0,1.0
87,10887,1,1,0,823,0,1,1,0.0,1.0
87,10894,1,90,0,823,0,1,1,0.0,1.0
87,10921,1,47,0,823,0,1,1,0.0,1.0
87,10969,1,1,0,823,0,1,1,0.0,1.0
87,10971,1,57,0,823,0,1,1,0.0,1.0
87,10984,1,17,0,823,0,1,1,0.0,1.0
87,10997,1,18,0,823,0,1,1,0.0,1.0
29,11013,1,87,0,46,0,2,2,0.0,1.0
87,11013,1,87,0,823,0,2,2,0.0,1.0
29,11019,1,2,0,46,0,1,1,0.0,1.0
87,11027,1,6,0,823,0,1,1,0.0,1.0
87,11033,1,1,0,823,0,1,1,0.0,1.0
87,11070,1,37,0,823,0,1,1,0.0,1.0
87,11075,1,81,0,823,0,1,1,0.0,1.0
87,11077,2,49,0,823,0,2,2,0.0,1.0
87,11086,1,59,0,823,0,1,1,0.0,1.0
141,11109,1,2,1,128,1,1,0,1.0,0.0
87,11170,1,147,0,823,0,1,1,0.0,1.0
29,11189,1,8,0,46,0,2,2,0.0,1.0
87,11189,1,8,0,823,0,2,2,0.0,1.0
87,11190,1,39,0,823,0,1,1,0.0,1.0
87,11204,2,41,0,823,0,2,2,0.0,1.0
87,11219,1,61,0,823,0,1,1,0.0,1.0
52,11234,2,25,0,37,0,2,2,0.0,1.0
87,11254,1,49,0,823,0,1,1,0.0,1.0
87,11272,1,3,0,823,0,1,1,0.0,1.0
87,11273,1,42,0,823,0,1,1,0.0,1.0
87,11294,1,19,0,823,0,1,1,0.0,1.0
87,11311,1,94,0,823,0,1,1,0.0,1.0
87,11324,1,1,0,823,0,1,1,0.0,1.0
87,11327,1,14,0,823,0,1,1,0.0,1.0
87,11354,1,168,0,823,0,1,1,0.0,1.0
87,11356,1,7,0,823,0,1,1,0.0,1.0
87,11393,1,35,0,823,0,1,1,0.0,1.0
87,11445,1,36,0,823,0,1,1,0.0,1.0
52,11450,1,2,0,37,0,2,2,0.0,1.0
87,11450,1,2,0,823,0,2,2,0.0,1.0
87,11451,1,44,0,823,0,1,1,0.0,1.0
87,11454,1,3,0,823,0,1,1,0.0,1.0
87,11465,1,2,0,823,0,1,1,0.0,1.0
87,11473,1,28,0,823,0,1,1,0.0,1.0
87,11505,2,129,0,823,0,2,2,0.0,1.0
87,11524,1,1,0,823,0,1,1,0.0,1.0
87,11526,1,57,0,823,0,1,1,0.0,1.0
141,11529,1,10,1,128,1,1,0,1.0,0.0
141,11533,1,4,1,128,1,1,0,1.0,0.0
87,11534,1,0,0,823,0,1,1,0.0,1.0
28,11539,1,20,0,14,0,1,1,0.0,1.0
87,11576,1,4,0,823,0,1,1,0.0,1.0
87,11601,1,49,0,823,0,1,1,0.0,1.0
87,11608,1,93,0,823,1,2,1,0.5,0.5
172,11608,1,93,1,27,1,2,1,0.5,0.5
87,11615,2,36,0,823,0,2,2,0.0,1.0
87,11634,1,1,0,823,0,1,1,0.0,1.0
87,11648,1,2,0,823,0,1,1,0.0,1.0
87,11651,1,1,0,823,0,1,1,0.0,1.0
87,11659,1,69,0,823,0,1,1,0.0,1.0
87,11668,1,99,0,823,0,1,1,0.0,1.0
87,11672,1,157,0,823,0,1,1,0.0,1.0
87,11687,1,100,0,823,0,1,1,0.0,1.0
87,11696,1,70,0,823,0,1,1,0.0,1.0
29,11712,1,19,0,46,0,1,1,0.0,1.0
87,11732,1,9,0,823,0,1,1,0.0,1.0
29,11788,1,17,0,46,0,1,1,0.0,1.0
87,11822,1,9,0,823,0,1,1,0.0,1.0
28,11836,1,4,0,14,0,1,1,0.0,1.0
87,11845,1,46,0,823,0,1,1,0.0,1.0
87,11862,2,87,0,823,0,2,2,0.0,1.0
87,11885,1,10,0,823,0,1,1,0.0,1.0
28,11887,1,116,0,14,0,1,1,0.0,1.0
87,11897,7,53,0,823,0,7,7,0.0,1.0
52,11902,1,0,0,37,0,1,1,0.0,1.0
87,11906,1,22,0,823,0,1,1,0.0,1.0
87,11909,1,3,0,823,0,1,1,0.0,1.0
141,11918,1,1,1,128,1,1,0,1.0,0.0
29,11929,1,17,0,46,0,2,2,0.0,1.0
87,11929,1,17,0,823,0,2,2,0.0,1.0
87,11945,1,8,0,823,0,1,1,0.0,1.0
87,11949,1,93,0,823,0,1,1,0.0,1.0
87,11953,1,100,0,823,0,1,1,0.0,1.0
87,11971,1,7,0,823,0,1,1,0.0,1.0
87,11983,1,9,0,823,0,1,1,0.0,1.0
87,11986,1,32,0,823,0,1,1,0.0,1.0
87,12007,1,6,0,823,0,1,1,0.0,1.0
87,12009,1,25,0,823,0,1,1,0.0,1.0
87,12012,1,2,0,823,0,1,1,0.0,1.0
87,12031,1,48,0,823,0,1,1,0.0,1.0
87,12047,1,6,0,823,0,1,1,0.0,1.0
87,12086,1,14,0,823,0,1,1,0.0,1.0
87,12102,1,1,0,823,0,1,1,0.0,1.0
87,12122,1,2,0,823,0,1,1,0.0,1.0
29,12130,2,4,0,46,0,2,2,0.0,1.0
87,12154,1,9,0,823,0,1,1,0.0,1.0
87,12180,1,14,0,823,0,1,1,0.0,1.0
141,12210,1,21,1,128,1,1,0,1.0,0.0
87,12243,1,65,0,823,0,1,1,0.0,1.0
141,12257,1,70,1,128,1,1,0,1.0,0.0
87,12277,1,1,0,823,0,1,1,0.0,1.0
87,12300,1,8,0,823,0,1,1,0.0,1.0
141,12308,1,9,1,128,1,1,0,1.0,0.0
87,12331,1,5,0,823,0,1,1,0.0,1.0
87,12333,2,151,0,823,0,2,2,0.0,1.0
29,12380,1,19,0,46,0,2,2,0.0,1.0
87,12380,1,19,0,823,0,2,2,0.0,1.0
87,12398,2,40,0,823,0,2,2,0.0,1.0
87,12420,1,2,0,823,0,1,1,0.0,1.0
52,12431,1,23,0,37,0,1,1,0.0,1.0
87,12432,1,30,0,823,0,1,1,0.0,1.0
87,12440,1,41,0,823,0,1,1,0.0,1.0
172,12453,1,26,1,27,1,1,0,1.0,0.0
87,12471,1,28,0,823,0,1,1,0.0,1.0
87,12482,1,3,0,823,0,1,1,0.0,1.0
87,12485,1,31,0,823,0,1,1,0.0,1.0
28,12499,2,28,0,14,0,2,2,0.0,1.0
87,12503,1,0,0,823,0,1,1,0.0,1.0
87,12519,1,7,0,823,0,1,1,0.0,1.0
87,12526,3,23,0,823,0,3,3,0.0,1.0
87,12535,1,30,0,823,0,1,1,0.0,1.0
87,12569,1,58,0,823,0,1,1,0.0,1.0
172,12583,1,8,1,27,1,1,0,1.0,0.0
87,12589,1,102,0,823,0,1,1,0.0,1.0
172,12612,1,7,1,27,1,1,0,1.0,0.0
87,12621,1,2,0,823,0,1,1,0.0,1.0
87,12658,1,23,0,823,0,1,1,0.0,1.0
87,12671,1,33,0,823,0,1,1,0.0,1.0
87,12730,1,1,0,823,0,1,1,0.0,1.0
87,12738,1,123,0,823,0,1,1,0.0,1.0
87,12750,1,2,0,823,0,1,1,0.0,1.0
87,12753,1,143,0,823,0,1,1,0.0,1.0
87,12761,2,3,0,823,0,2,2,0.0,1.0
87,12784,1,104,0,823,0,1,1,0.0,1.0
87,12787,2,8,0,823,0,2,2,0.0,1.0
87,12797,1,42,0,823,0,1,1,0.0,1.0
87,12820,1,50,0,823,0,1,1,0.0,1.0
87,12871,1,138,0,823,0,1,1,0.0,1.0
87,12892,1,13,0,823,0,1,1,0.0,1.0
87,12908,1,6,0,823,0,1,1,0.0,1.0
87,12922,1,18,0,823,0,1,1,0.0,1.0
87,12946,1,43,0,823,0,1,1,0.0,1.0
52,12962,1,123,0,37,0,1,1,0.0,1.0
87,13010,1,5,0,823,0,1,1,0.0,1.0
87,13013,1,46,0,823,0,1,1,0.0,1.0
87,13023,1,2,0,823,0,1,1,0.0,1.0
87,13040,1,2,0,823,0,1,1,0.0,1.0
141,13056,1,51,1,128,1,1,0,1.0,0.0
141,13076,1,10,1,128,1,1,0,1.0,0.0
87,13078,1,126,0,823,0,1,1,0.0,1.0
141,13098,1,3,1,128,1,1,0,1.0,0.0
87,13099,1,41,0,823,0,1,1,0.0,1.0
87,13100,1,81,0,823,0,1,1,0.0,1.0
87,13110,2,6,0,823,0,2,2,0.0,1.0
87,13125,1,97,0,823,0,1,1,0.0,1.0
141,13139,1,31,1,128,1,1,0,1.0,0.0
87,13140,1,3,0,823,0,1,1,0.0,1.0
87,13146,1,107,0,823,0,1,1,0.0,1.0
87,13171,1,3,0,823,0,1,1,0.0,1.0
87,13178,1,27,0,823,0,1,1,0.0,1.0
141,13219,1,682,1,128,1,1,0,1.0,0.0
87,13226,1,11,0,823,0,1,1,0.0,1.0
87,13234,1,151,0,823,0,1,1,0.0,1.0
141,13242,1,6,1,128,1,1,0,1.0,0.0
87,13270,1,3,0,823,0,1,1,0.0,1.0
87,13285,1,140,0,823,0,1,1,0.0,1.0
87,13296,2,24,0,823,0,2,2,0.0,1.0
141,13310,1,1,1,128,1,1,0,1.0,0.0
87,13318,1,12,0,823,0,1,1,0.0,1.0
87,13331,1,119,0,823,0,1,1,0.0,1.0
87,13340,1,15,0,823,0,1,1,0.0,1.0
87,13344,1,2,0,823,0,1,1,0.0,1.0
87,13361,1,5,0,823,0,1,1,0.0,1.0
87,13379,1,1,0,823,0,1,1,0.0,1.0
87,13383,1,7,0,823,0,1,1,0.0,1.0
87,13385,1,1,0,823,0,1,1,0.0,1.0
141,13401,1,83,1,128,1,1,0,1.0,0.0
87,13427,1,25,0,823,0,1,1,0.0,1.0
87,13441,1,11,0,823,0,1,1,0.0,1.0
141,13455,1,1,1,128,1,1,0,1.0,0.0
87,13465,1,6,0,823,0,1,1,0.0,1.0
87,13482,1,5,0,823,0,1,1,0.0,1.0
87,13484,1,53,0,823,0,1,1,0.0,1.0
141,13487,1,5,1,128,1,1,0,1.0,0.0
87,13498,1,2,0,823,0,1,1,0.0,1.0
87,13524,1,25,0,823,0,1,1,0.0,1.0
87,13561,1,54,0,823,0,1,1,0.0,1.0
87,13562,2,35,0,823,0,2,2,0.0,1.0
141,13611,3,10,1,128,3,3,0,1.0,0.0
87,13646,1,34,0,823,0,1,1,0.0,1.0
87,13655,1,23,0,823,0,1,1,0.0,1.0
87,13663,1,1,0,823,0,1,1,0.0,1.0
87,13721,1,39,0,823,0,1,1,0.0,1.0
87,13762,1,8,0,823,0,1,1,0.0,1.0
87,13788,1,1,0,823,0,1,1,0.0,1.0
87,13822,1,22,0,823,0,1,1,0.0,1.0
87,13847,1,4,0,823,0,1,1,0.0,1.0
87,13850,1,3,0,823,0,1,1,0.0,1.0
87,13851,1,1,0,823,0,1,1,0.0,1.0
87,13861,1,119,0,823,0,1,1,0.0,1.0
87,13902,2,11,0,823,0,2,2,0.0,1.0
87,13910,1,9,0,823,0,1,1,0.0,1.0
52,13920,1,204,0,37,0,1,1,0.0,1.0
87,13936,1,123,0,823,0,1,1,0.0,1.0
87,13944,1,1,0,823,0,1,1,0.0,1.0
87,13971,1,1,0,823,0,1,1,0.0,1.0
29,13975,1,2,0,46,0,1,1,0.0,1.0
87,14036,1,9,0,823,0,1,1,0.0,1.0
28,14044,1,25,0,14,0,1,1,0.0,1.0
87,14063,1,10,0,823,0,1,1,0.0,1.0
87,14066,1,8,0,823,0,1,1,0.0,1.0
141,14067,1,135,1,128,1,1,0,1.0,0.0
87,14070,1,2,0,823,0,1,1,0.0,1.0
87,14091,1,45,0,823,0,1,1,0.0,1.0
87,14112,1,9,0,823,0,1,1,0.0,1.0
87,14115,1,0,0,823,0,1,1,0.0,1.0
87,14140,1,42,0,823,0,1,1,0.0,1.0
87,14180,1,1,0,823,0,1,1,0.0,1.0
28,14197,1,25,0,14,0,1,1,0.0,1.0
141,14204,1,2,1,128,1,1,0,1.0,0.0
87,14219,2,11,0,823,0,2,2,0.0,1.0
87,14246,1,98,0,823,0,1,1,0.0,1.0
141,14259,1,151,1,128,1,1,0,1.0,0.0
87,14269,1,111,0,823,0,1,1,0.0,1.0
28,14279,1,1,0,14,0,1,1,0.0,1.0
87,14289,1,5,0,823,0,1,1,0.0,1.0
141,14393,1,6,1,128,1,1,0,1.0,0.0
29,14404,1,58,0,46,0,2,2,0.0,1.0
87,14404,1,58,0,823,0,2,2,0.0,1.0
87,14420,1,5,0,823,0,1,1,0.0,1.0
141,14457,1,161,1,128,1,1,0,1.0,0.0
87,14467,1,44,0,823,0,1,1,0.0,1.0
172,14477,1,91,1,27,1,1,0,1.0,0.0
87,14478,1,7,0,823,0,1,1,0.0,1.0
87,14484,1,2,0,823,0,1,1,0.0,1.0
141,14493,1,134,1,128,1,1,0,1.0,0.0
141,14496,1,13,1,128,1,1,0,1.0,0.0
87,14504,2,1,0,823,0,2,2,0.0,1.0
29,14510,1,0,0,46,0,1,1,0.0,1.0
87,14531,1,10,0,823,0,1,1,0.0,1.0
87,14568,1,30,0,823,0,1,1,0.0,1.0
87,14573,1,37,0,823,0,1,1,0.0,1.0
87,14579,1,85,0,823,0,1,1,0.0,1.0
87,14585,1,70,0,823,0,1,1,0.0,1.0
87,14587,1,16,0,823,0,1,1,0.0,1.0
141,14601,1,3,1,128,1,1,0,1.0,0.0
28,14609,1,1,0,14,0,1,1,0.0,1.0
87,14612,1,161,0,823,0,1,1,0.0,1.0
87,14677,1,57,0,823,0,1,1,0.0,1.0
87,14693,1,20,0,823,0,1,1,0.0,1.0
87,14731,2,57,0,823,0,2,2,0.0,1.0
87,14735,1,13,0,823,0,1,1,0.0,1.0
87,14750,1,28,0,823,0,1,1,0.0,1.0
87,14760,1,1,0,823,0,1,1,0.0,1.0
52,14783,1,1,0,37,0,1,1,0.0,1.0
87,14784,1,4,0,823,0,1,1,0.0,1.0
87,14790,3,2,0,823,0,3,3,0.0,1.0
87,14811,1,6,0,823,0,1,1,0.0,1.0
87,14866,1,3,0,823,0,1,1,0.0,1.0
87,14911,1,5,0,823,0,1,1,0.0,1.0
141,14937,1,114,1,128,1,1,0,1.0,0.0
87,14972,1,2,0,823,0,1,1,0.0,1.0
87,14978,1,7,0,823,0,1,1,0.0,1.0
87,14993,1,82,0,823,0,1,1,0.0,1.0
141,14995,1,47,1,128,1,1,0,1.0,0.0
87,15031,3,44,0,823,0,3,3,0.0,1.0
29,15064,1,8,0,46,0,1,1,0.0,1.0
87,15070,1,72,0,823,0,1,1,0.0,1.0
87,15089,2,2,0,823,0,2,2,0.0,1.0
87,15090,1,103,0,823,0,1,1,0.0,1.0
172,15106,1,18,1,27,1,1,0,1.0,0.0
87,15129,1,61,0,823,0,1,1,0.0,1.0
87,15138,1,51,0,823,0,1,1,0.0,1.0
87,15178,1,8,0,823,0,1,1,0.0,1.0
87,15190,1,58,0,823,0,1,1,0.0,1.0
87,15203,2,62,0,823,0,2,2,0.0,1.0
87,15225,1,6,0,823,0,1,1,0.0,1.0
87,15241,2,10,0,823,0,2,2,0.0,1.0
87,15243,1,1,0,823,0,1,1,0.0,1.0
141,15246,1,77,1,128,1,1,0,1.0,0.0
